Transaction Time (CET),Transaction Category,Transaction Type,Asset Id,Asset Name,Asset Currency,Transaction Currency,Currency Pair,Exchange Rate,Transaction Amount,Trade Amount,Trade Price,Trade Quantity,Cash Balance Amount,Profit And Loss Amount,Profit And Loss Currency
2021-02-15 09:20:37.178000,trades,Buy Trade,NL0000303709,Aegon - OLD Isin,EUR,EUR,EUREUR,1.0,-3.79,3.794,3.794,1,200.03,,
2021-02-16 15:45:44.717000,trades,Buy Trade,US62914V1061,NIO,USD,EUR,EURUSD,1.20766,-152.03,183.6,61.2,3,48.0,,
2021-02-22 12:48:01.672000,trades,Buy Trade,NL0000303709,Aegon - OLD Isin,EUR,EUR,EUREUR,1.0,-43.79,43.791,3.981,11,4.21,,
2021-02-24 15:50:40.253000,trades,Buy Trade,US38268T1034,GoPro,USD,EUR,EURUSD,1.21023,-6.57,7.95,7.95,1,3.31,,
2021-02-24 18:04:47.120000,trades,Buy Trade,US62914V1061,NIO,USD,EUR,EURUSD,1.21095,-127.96,154.95,51.65,3,75.35,,
2021-02-25 16:46:47.733000,trades,Sell Trade,US38268T1034,GoPro,USD,EUR,EURUSD,1.22505,6.4,7.84,7.84,1,81.75,-0.17,EUR
2021-02-25 16:47:04.232000,trades,Sell Trade,US62914V1061,NIO,USD,EUR,EURUSD,1.22498,239.95,293.94,48.99,6,321.7,-40.04,EUR
2021-02-25 16:47:56.754000,trades,Sell Trade,NL0000303709,Aegon - OLD Isin,EUR,EUR,EUREUR,1.0,48.61,48.612,4.051,12,369.31,1.03,EUR
2021-02-25 16:52:43.690000,trades,Buy Trade,US60770K1079,Moderna,USD,EUR,EURUSD,1.21943,-124.6,151.94,151.94,1,244.71,,
2021-02-26 18:27:09.170000,trades,Buy Trade,US0079031078,AMD,USD,EUR,EURUSD,1.20522,-70.81,85.34,85.34,1,173.9,,
2021-03-08 15:32:55.414000,trades,Buy Trade,US58933Y1055,Merck & Co,USD,EUR,EURUSD,1.18507,-62.3,73.83,73.83,1,111.6,,
2021-03-08 15:33:26.873000,trades,Sell Trade,US60770K1079,Moderna,USD,EUR,EURUSD,1.18969,107.98,128.46,128.46,1,219.58,-16.62,EUR
2021-03-08 15:33:37.147000,trades,Buy Trade,US4781601046,Johnson & Johnson,USD,EUR,EURUSD,1.1849,-132.2,156.64,156.64,1,87.38,,
2021-03-09 20:44:43.917000,trades,Buy Trade,US0378331005,Apple,USD,EUR,EURUSD,1.1877,-102.4,121.62,121.62,1,4.98,,
2021-03-09 21:34:34.173000,trades,Buy Trade,US62914V1061,NIO,USD,EUR,EURUSD,1.18789,-34.94,41.5,41.5,1,20.04,,
2021-03-15 18:17:49.784000,trades,Buy Trade,US38268T1034,GoPro,USD,EUR,EURUSD,1.18995,-10.28,12.23,12.23,1,9.76,,
2021-03-17 10:25:13.363000,trades,Buy Trade,DE0007664039,Volkswagen,EUR,EUR,EUREUR,1.0,-216.15,216.15,216.15,1,93.61,,
2021-03-17 17:38:50.934000,trades,Sell Trade,US38268T1034,GoPro,USD,EUR,EURUSD,1.19222,10.43,12.43,12.43,1,103.04,0.15,EUR
2021-03-17 18:04:50.524000,trades,Sell Trade,US62914V1061,NIO,USD,EUR,EURUSD,1.19256,35.8,42.69,42.69,1,138.84,0.86,EUR
2021-03-17 19:11:30.728000,trades,Buy Trade,US62914V1061,NIO,USD,EUR,EURUSD,1.19221,-37.06,44.18,44.18,1,101.78,,
2021-03-18 13:20:55.931000,trades,Buy Trade,DE0005190003,BMW,EUR,EUR,EUREUR,1.0,-87.42,87.42,87.42,1,14.36,,
2021-03-18 13:22:01.654000,trades,Buy Trade,NL0011540547,ABN Amro,EUR,EUR,EUREUR,1.0,-10.37,10.365,10.365,1,2.99,,
2021-03-22 12:42:53.554000,trades,Buy Trade,DE000PAH0038,Porsche Automobil Holding SE,EUR,EUR,EUREUR,1.0,-92.08,92.08,92.08,1,9.91,,
2021-03-22 16:11:55.626000,trades,Buy Trade,NL0010273215,ASML,EUR,EUR,EUREUR,1.0,-475.1,475.1,475.1,1,33.81,,
2021-03-23 14:31:08.350000,trades,Buy Trade,US2546871060,Walt Disney,USD,EUR,EURUSD,1.18539,-161.83,191.83,191.83,1,20.98,,
2021-03-24 15:38:34.217000,trades,Buy Trade,BMG491BT1088,Invesco,USD,EUR,EURUSD,1.17953,-20.36,24.01,24.01,1,0.62,,
2021-03-24 17:20:50.723000,trades,Buy Trade,US88160R1014,Tesla,USD,EUR,EURUSD,1.18093,-556.6,657.3,657.3,1,44.02,,
2021-03-26 15:28:20.322000,trades,Sell Trade,US62914V1061,NIO,USD,EUR,EURUSD,1.18072,30.46,35.97,35.97,1,74.48,-6.6,EUR
2021-03-26 15:30:35.138000,trades,Buy Trade,US0079031078,AMD,USD,EUR,EURUSD,1.17606,-65.1,76.56,76.56,1,9.38,,
2021-03-29 17:00:51.097000,trades,Sell Trade,US0079031078,AMD,USD,EUR,EURUSD,1.17872,130.5,153.82,76.91,2,139.88,-5.41,EUR
2021-03-29 17:01:39.540000,trades,Sell Trade,DE000PAH0038,Porsche Automobil Holding SE,EUR,EUR,EUREUR,1.0,89.14,89.14,89.14,1,228.02,-2.94,EUR
2021-03-29 17:02:21.005000,trades,Sell Trade,NL0011540547,ABN Amro,EUR,EUR,EUREUR,1.0,10.27,10.275,10.275,1,237.29,-0.1,EUR
2021-03-29 17:02:31.487000,trades,Buy Trade,DE0007664039,Volkswagen,EUR,EUR,EUREUR,1.0,-231.65,231.65,231.65,1,5.64,,
2021-03-31 14:57:00.769000,trades,Sell Trade,DE0005190003,BMW,EUR,EUR,EUREUR,1.0,88.36,88.36,88.36,1,92.0,0.94,EUR
2021-03-31 15:38:01.894000,trades,Buy Trade,US09075V1026,BioNTech,USD,EUR,EURUSD,1.1708,-93.18,109.1,109.1,1,28.82,,
2021-03-31 18:19:18.968000,trades,Buy Trade,US8740391003,Taiwan Semiconductor ADR,USD,EUR,EURUSD,1.17252,-100.31,117.62,117.62,1,78.51,,
2021-03-31 18:24:56.318000,trades,Buy Trade,US0079031078,AMD,USD,EUR,EURUSD,1.17243,-66.99,78.54,78.54,1,11.52,,
2021-04-05 19:47:11.549000,trades,Sell Trade,US09075V1026,BioNTech,USD,EUR,EURUSD,1.18387,96.68,114.46,114.46,1,108.2,3.5,EUR
2021-04-05 19:47:21.456000,trades,Sell Trade,US0079031078,AMD,USD,EUR,EURUSD,1.18366,68.52,81.1,81.1,1,176.72,1.53,EUR
2021-04-05 19:47:46.162000,trades,Buy Trade,US0378331005,Apple,USD,EUR,EURUSD,1.17885,-106.63,125.7,125.7,1,70.09,,
2021-04-05 19:49:44.874000,trades,Sell Trade,US4781601046,Johnson & Johnson,USD,EUR,EURUSD,1.18387,137.67,162.98,162.98,1,207.76,5.47,EUR
2021-04-05 19:50:09.518000,trades,Sell Trade,US58933Y1055,Merck & Co,USD,EUR,EURUSD,1.18397,65.11,77.09,77.09,1,272.87,2.81,EUR
2021-04-05 19:50:14.425000,trades,Buy Trade,US5949181045,Microsoft,USD,EUR,EURUSD,1.17883,-211.35,249.14,249.14,1,61.52,,
2021-04-06 15:33:11.301000,trades,Buy Trade,US0846707026,Berkshire Hathaway B,USD,EUR,EURUSD,1.18135,-222.26,262.57,262.57,1,39.26,,
2021-04-08 16:38:54.907000,trades,Buy Trade,US0079031078,AMD,USD,EUR,EURUSD,1.18815,-69.62,82.72,82.72,1,20.1,,
2021-04-08 16:39:40.386000,trades,Buy Trade,NL0011821202,ING,EUR,EUR,EUREUR,1.0,-10.43,10.426,10.426,1,9.67,,
2021-04-13 19:27:35.260000,trades,Sell Trade,US2546871060,Walt Disney,USD,EUR,EURUSD,1.1968,154.58,185.0,185.0,1,163.25,-7.25,EUR
2021-04-13 19:27:52.216000,trades,Buy Trade,US91332U1016,Unity3D,USD,EUR,EURUSD,1.192,-84.59,100.83,100.83,1,78.66,,
2021-04-13 20:11:28.159000,trades,Sell Trade,BMG491BT1088,Invesco,USD,EUR,EURUSD,1.19682,21.72,26.0,26.0,1,100.38,1.36,EUR
2021-04-13 20:11:50.634000,trades,Buy Trade,CH0334081137,CRISPR Therapeutics,USD,EUR,EURUSD,1.19191,-99.12,118.14,118.14,1,1.26,,
2021-04-13 21:03:36.723000,trades,Buy Trade,US0970231058,Boeing Company,USD,EUR,EURUSD,1.19201,-425.65,507.38,253.69,2,25.61,,
2021-04-13 21:29:55.637000,trades,Sell Trade,US0970231058,Boeing Company,USD,EUR,EURUSD,1.19697,424.04,507.56,253.78,2,449.65,-1.61,EUR
2021-04-13 21:30:35.690000,trades,Buy Trade,US0378331005,Apple,USD,EUR,EURUSD,1.19207,-338.71,403.77,134.59,3,110.94,,
2021-04-14 16:17:44.465000,trades,Buy Trade,US48138M1053,Jumia Technologies,USD,EUR,EURUSD,1.19308,-31.0,36.98,36.98,1,79.94,,
2021-04-14 17:06:48.462000,trades,Sell Trade,US48138M1053,Jumia Technologies,USD,EUR,EURUSD,1.19931,30.2,36.22,36.22,1,110.14,-0.8,EUR
2021-04-14 21:15:31.699000,trades,Buy Trade,US19260Q1076,Coinbase,USD,EUR,EURUSD,1.19486,-276.41,330.27,330.27,1,333.73,,
2021-04-14 21:16:27.537000,trades,Buy Trade,US19260Q1076,Coinbase,USD,EUR,EURUSD,1.19482,-277.69,331.79,331.79,1,56.04,,
2021-04-15 18:00:07.843000,trades,Buy Trade,US90184L1026,Twitter - Delisted,USD,EUR,EURUSD,1.1942,-59.83,71.45,71.45,1,16.21,,
2021-04-15 20:41:55.752000,trades,Sell Trade,US19260Q1076,Coinbase,USD,EUR,EURUSD,1.2003,539.1,647.08,323.54,2,555.31,-15.0,EUR
2021-04-15 20:42:11.427000,trades,Buy Trade,US67066G1040,NVIDIA,USD,EUR,EURUSD,1.19519,-540.68,646.21,646.21,1,14.63,,
2021-04-16 16:11:24.256000,trades,Sell Trade,CH0334081137,CRISPR Therapeutics,USD,EUR,EURUSD,1.201,98.8,118.66,118.66,1,113.43,-0.32,EUR
2021-04-16 16:12:14.114000,trades,Buy Trade,US8740391003,Taiwan Semiconductor ADR,USD,EUR,EURUSD,1.1958,-99.62,119.12,119.12,1,13.81,,
2021-04-16 16:26:57.000000,trades,Sell Trade,US0079031078,AMD,USD,EUR,EURUSD,1.20135,68.08,81.79,81.79,1,81.89,-1.54,EUR
2021-04-16 16:31:06.907000,trades,Buy Trade,US58933Y1055,Merck & Co,USD,EUR,EURUSD,1.19642,-64.47,77.13,77.13,1,17.42,,
2021-04-19 16:16:59.034000,trades,Sell Trade,US88160R1014,Tesla,USD,EUR,EURUSD,1.20424,578.54,696.7,696.7,1,595.96,21.94,EUR
2021-04-19 16:27:09.938000,trades,Buy Trade,US62914V1061,NIO,USD,EUR,EURUSD,1.20039,-30.22,36.27,36.27,1,565.74,,
2021-04-19 19:25:06.551000,trades,Sell Trade,US91332U1016,Unity3D,USD,EUR,EURUSD,1.20624,80.93,97.62,97.62,1,646.67,-3.66,EUR
2021-04-19 19:25:18.449000,trades,Buy Trade,US88160R1014,Tesla,USD,EUR,EURUSD,1.20134,-593.67,713.2,713.2,1,53.0,,
2021-04-20 19:14:36.572000,trades,Sell Trade,US0378331005,Apple,USD,EUR,EURUSD,1.20562,552.04,665.55,133.11,5,605.04,4.3,EUR
2021-04-20 19:55:04.826000,trades,Buy Trade,US30303M1027,Meta Platforms,USD,EUR,EURUSD,1.20037,-502.68,603.4,301.7,2,102.36,,
2021-04-20 20:41:35.400000,trades,Sell Trade,US58933Y1055,Merck & Co,USD,EUR,EURUSD,1.20504,65.28,78.66,78.66,1,167.64,0.81,EUR
2021-04-20 20:41:46.979000,trades,Buy Trade,CH0334081137,CRISPR Therapeutics,USD,EUR,EURUSD,1.19999,-102.13,122.56,122.56,1,65.51,,
2021-04-21 17:22:26.625000,trades,Buy Trade,US7170811035,Pfizer,USD,EUR,EURUSD,1.20088,-32.88,39.48,39.48,1,32.63,,
2021-04-22 20:21:55.982000,trades,Sell Trade,US88160R1014,Tesla,USD,EUR,EURUSD,1.20219,601.48,723.09,723.09,1,634.11,7.81,EUR
2021-04-22 20:22:06.731000,trades,Sell Trade,US90184L1026,Twitter - Delisted,USD,EUR,EURUSD,1.20225,53.59,64.43,64.43,1,687.7,-6.24,EUR
2021-04-22 20:23:34.212000,trades,Buy Trade,US0970231058,Boeing Company,USD,EUR,EURUSD,1.19732,-195.96,234.63,234.63,1,491.74,,
2021-04-23 16:06:51.726000,trades,Buy Trade,US09075V1026,BioNTech,USD,EUR,EURUSD,1.20358,-436.07,524.85,174.95,3,55.67,,
2021-04-23 16:51:12.529000,trades,Buy Trade,US1912161007,Coca-Cola,USD,EUR,EURUSD,1.20275,-45.3,54.49,54.49,1,10.37,,
2021-04-23 17:11:01.959000,trades,Sell Trade,CH0334081137,CRISPR Therapeutics,USD,EUR,EURUSD,1.20801,103.94,125.56,125.56,1,114.31,1.81,EUR
2021-04-23 17:11:12.913000,trades,Buy Trade,US0378331005,Apple,USD,EUR,EURUSD,1.20307,-111.33,133.94,133.94,1,2.98,,
2021-04-27 10:08:22.172000,trades,Sell Trade,DE0007664039,Volkswagen,EUR,EUR,EUREUR,1.0,450.6,450.6,225.3,2,452.58,2.8,EUR
2021-04-27 15:51:48.308000,trades,Sell Trade,US62914V1061,NIO,USD,EUR,EURUSD,1.21111,34.82,42.17,42.17,1,487.4,4.6,EUR
2021-04-27 16:44:43.128000,trades,Buy Trade,US38141G1040,Goldman Sachs,USD,EUR,EURUSD,1.2054,-286.49,345.33,345.33,1,200.91,,
2021-04-28 11:02:10.291000,trades,Buy Trade,DE0005140008,Deutsche Bank,EUR,EUR,EUREUR,1.0,-10.92,10.924,10.924,1,189.99,,
2021-04-28 13:31:33.153000,trades,Buy Trade,NL0000235190,Airbus,EUR,EUR,EUREUR,1.0,-100.06,100.06,100.06,1,88.93,,
2021-04-30 14:24:50.311000,trades,Buy Trade,IE00B3XXRP09,Vanguard S&P 500,EUR,EUR,EUREUR,1.0,-65.82,65.819,65.819,1,22.11,,
2021-05-04 16:31:07.325000,trades,Sell Trade,US09075V1026,BioNTech,USD,EUR,EURUSD,1.20478,462.36,557.04,185.68,3,483.47,26.29,EUR
2021-05-05 16:00:45.080000,trades,Buy Trade,US09075V1026,BioNTech,USD,EUR,EURUSD,1.19731,-156.75,187.68,187.68,1,326.72,,
2021-05-05 16:22:14.994000,trades,Buy Trade,US0378331005,Apple,USD,EUR,EURUSD,1.19719,-215.77,258.32,129.16,2,110.95,,
2021-05-05 21:03:58.991000,trades,Sell Trade,US38141G1040,Goldman Sachs,USD,EUR,EURUSD,1.20226,297.61,357.81,357.81,1,408.56,11.12,EUR
2021-05-05 21:04:16.264000,trades,Sell Trade,US09075V1026,BioNTech,USD,EUR,EURUSD,1.2024,147.84,177.76,177.76,1,556.4,-8.91,EUR
2021-05-05 21:05:02.225000,trades,Sell Trade,US30303M1027,Meta Platforms,USD,EUR,EURUSD,1.20233,525.95,632.36,316.18,2,1082.35,23.27,EUR
2021-05-05 21:05:19.622000,trades,Sell Trade,US7170811035,Pfizer,USD,EUR,EURUSD,1.20261,33.05,39.75,39.75,1,1115.4,0.17,EUR
2021-05-05 21:05:59.867000,trades,Buy Trade,US38141G1040,Goldman Sachs,USD,EUR,EURUSD,1.19755,-897.11,1074.33,358.11,3,218.29,,
2021-05-05 21:06:11.223000,trades,Buy Trade,US0378331005,Apple,USD,EUR,EURUSD,1.1974,-214.9,257.32,128.66,2,3.39,,
2021-05-05 21:12:58.134000,trades,Buy Trade,BMG169621056,Bunge.old,USD,EUR,EURUSD,1.19751,-74.65,89.4,89.4,1,8.74,,
2021-05-05 21:13:44.501000,trades,Sell Trade,US67066G1040,NVIDIA,USD,EUR,EURUSD,1.2023,480.98,578.28,578.28,1,489.72,-59.7,EUR
2021-05-05 21:14:07.509000,trades,Buy Trade,US0846707026,Berkshire Hathaway B,USD,EUR,EURUSD,1.1973,-473.37,566.76,283.38,2,16.35,,
2021-05-05 21:14:36.549000,trades,Sell Trade,US5949181045,Microsoft,USD,EUR,EURUSD,1.20261,205.1,246.66,246.66,1,221.45,-6.25,EUR
2021-05-05 21:15:10.746000,trades,Sell Trade,US1912161007,Coca-Cola,USD,EUR,EURUSD,1.2023,44.96,54.06,54.06,1,266.41,-0.34,EUR
2021-05-05 21:15:28.210000,trades,Buy Trade,US0846707026,Berkshire Hathaway B,USD,EUR,EURUSD,1.19755,-236.61,283.35,283.35,1,29.8,,
2021-05-07 13:44:58.733000,trades,Buy Trade,GB00B03MLX29,Shell - OLD ISIN,EUR,EUR,EUREUR,1.0,-16.68,16.676,16.676,1,13.12,,
2021-05-07 17:02:00.786000,trades,Sell Trade,US0378331005,Apple,USD,EUR,EURUSD,1.2165,536.5,652.65,130.53,5,548.62,-5.5,EUR
2021-05-07 17:02:17.587000,trades,Buy Trade,CH0334081137,CRISPR Therapeutics,USD,EUR,EURUSD,1.21162,-278.85,337.86,112.62,3,269.77,,
2021-05-07 17:02:17.605000,trades,Buy Trade,CH0334081137,CRISPR Therapeutics,USD,EUR,EURUSD,1.21162,-185.9,225.24,112.62,2,83.87,,
2021-05-07 18:18:00.181000,trades,Sell Trade,CH0334081137,CRISPR Therapeutics,USD,EUR,EURUSD,1.21844,89.63,109.21,109.21,1,173.5,-3.32,EUR
2021-05-07 18:18:00.205000,trades,Sell Trade,CH0334081137,CRISPR Therapeutics,USD,EUR,EURUSD,1.21844,268.97,327.72,109.24,3,442.47,-9.88,EUR
2021-05-07 18:18:00.229000,trades,Sell Trade,CH0334081137,CRISPR Therapeutics,USD,EUR,EURUSD,1.21844,89.62,109.2,109.2,1,532.09,-3.33,EUR
2021-05-07 18:19:07.519000,trades,Buy Trade,US19260Q1076,Coinbase,USD,EUR,EURUSD,1.21323,-439.31,532.98,266.49,2,92.78,,
2021-05-07 18:19:46.734000,trades,Buy Trade,US0079031078,AMD,USD,EUR,EURUSD,1.21328,-65.52,79.49,79.49,1,27.26,,
2021-05-25 16:47:05.025000,trades,Sell Trade,NL0000235190,Airbus,EUR,EUR,EUREUR,1.0,97.72,97.72,97.72,1,126.05,-2.34,EUR
2021-05-25 16:47:06.523000,trades,Sell Trade,US8740391003,Taiwan Semiconductor ADR,USD,EUR,EURUSD,1.22757,186.82,229.34,114.67,2,312.87,-13.11,EUR
2021-05-25 16:47:27.131000,trades,Sell Trade,BMG169621056,Bunge.old,USD,EUR,EURUSD,1.22773,70.97,87.13,87.13,1,383.84,-3.68,EUR
2021-05-25 16:48:14.345000,trades,Sell Trade,US0079031078,AMD,USD,EUR,EURUSD,1.22773,63.67,78.17,78.17,1,447.51,-1.85,EUR
2021-05-25 16:48:50.894000,trades,Sell Trade,GB00B03MLX29,Shell - OLD ISIN,EUR,EUR,EUREUR,1.0,16.14,16.144,16.144,1,462.65,-0.54,EUR
2021-05-25 16:49:14.030000,trades,Sell Trade,IE00B3XXRP09,Vanguard S&P 500,EUR,EUR,EUREUR,1.0,65.11,65.109,65.109,1,526.76,-0.71,EUR
2021-05-25 16:49:35.724000,trades,Buy Trade,US88160R1014,Tesla,USD,EUR,EURUSD,1.22281,-493.35,603.27,603.27,1,33.41,,
2021-05-25 16:57:30.976000,trades,Buy Trade,US62914V1061,NIO,USD,EUR,EURUSD,1.22168,-29.94,36.58,36.58,1,3.47,,
2021-06-07 15:30:48.202000,trades,Sell Trade,US88160R1014,Tesla,USD,EUR,EURUSD,1.22008,485.72,592.62,592.62,1,489.59,-7.63,EUR
2021-06-07 15:31:01.999000,trades,Buy Trade,US0378331005,Apple,USD,EUR,EURUSD,1.21512,-415.53,504.92,126.23,4,74.06,,
2021-06-10 21:58:13.699000,trades,Sell Trade,US0970231058,Boeing Company,USD,EUR,EURUSD,1.21951,203.49,248.16,248.16,1,277.55,7.53,EUR
2021-06-10 21:58:25.535000,trades,Sell Trade,US0378331005,Apple,USD,EUR,EURUSD,1.21984,413.5,504.4,126.1,4,691.05,-2.03,EUR
2021-06-10 21:59:37.332000,trades,Sell Trade,US38141G1040,Goldman Sachs,USD,EUR,EURUSD,1.21949,918.24,1119.78,373.26,3,1609.29,21.13,EUR
2021-06-11 09:05:07.088000,trades,Buy Trade,NL0010273215,ASML,EUR,EUR,EUREUR,1.0,-1149.4,1149.4,574.7,2,459.89,,
2021-06-11 09:05:17.287000,trades,Sell Trade,NL0011821202,ING,EUR,EUR,EUREUR,1.0,10.93,10.93,10.93,1,468.82,0.5,EUR
2021-06-11 09:05:27.444000,trades,Sell Trade,DE0005140008,Deutsche Bank,EUR,EUR,EUREUR,1.0,11.64,11.64,11.64,1,479.46,0.72,EUR
2021-06-11 16:00:07.102000,trades,Sell Trade,US62914V1061,NIO,USD,EUR,EURUSD,1.2147,36.03,43.76,43.76,1,515.49,6.09,EUR
2021-06-11 16:00:20.723000,trades,Buy Trade,US88160R1014,Tesla,USD,EUR,EURUSD,1.21004,-500.29,605.37,605.37,1,15.2,,
2021-06-15 15:44:03.972000,trades,Sell Trade,US0846707026,Berkshire Hathaway B,USD,EUR,EURUSD,1.21443,699.49,849.48,283.16,3,714.69,0.31,EUR
2021-06-15 15:44:24.519000,trades,Buy Trade,NL0010273215,ASML,EUR,EUR,EUREUR,1.0,-585.9,585.9,585.9,1,128.79,,
2021-06-16 15:50:06.728000,trades,Buy Trade,CH0334081137,CRISPR Therapeutics,USD,EUR,EURUSD,1.20896,-102.83,124.32,124.32,1,24.96,,
2021-06-23 15:54:00.528000,trades,Sell Trade,US0846707026,Berkshire Hathaway B,USD,EUR,EURUSD,1.19892,230.07,275.83,275.83,1,255.14,-2.99,EUR
2021-06-23 15:54:20.604000,trades,Buy Trade,US0970231058,Boeing Company,USD,EUR,EURUSD,1.1939,-205.16,244.94,244.94,1,49.98,,
2021-06-23 15:56:31.163000,trades,Buy Trade,US92766K1060,Virgin Galactic - old,USD,EUR,EURUSD,1.19432,-34.68,41.42,41.42,1,15.3,,
2021-06-23 17:02:16.306000,trades,Buy Trade,US4771431016,Jetblue Airways,USD,EUR,EURUSD,1.19222,-14.66,17.48,17.48,1,0.64,,
2021-07-14 16:37:56.219000,trades,Sell Trade,US0970231058,Boeing Company,USD,EUR,EURUSD,1.18416,193.0,228.54,228.54,1,196.3,-12.16,EUR
2021-07-14 16:39:14.268000,trades,Buy Trade,US12769G1004,Caesars Entertainment,USD,EUR,EURUSD,1.17948,-81.6,96.25,96.25,1,114.7,,
2021-07-14 16:39:35.404000,trades,Buy Trade,US12769G1004,Caesars Entertainment,USD,EUR,EURUSD,1.17936,-81.6,96.24,96.24,1,33.1,,
2021-07-14 16:40:45.977000,trades,Sell Trade,US4771431016,Jetblue Airways,USD,EUR,EURUSD,1.18457,13.32,15.78,15.78,1,46.42,-1.34,EUR
2021-07-14 16:41:00.072000,trades,Sell Trade,US92766K1060,Virgin Galactic - old,USD,EUR,EURUSD,1.18442,30.43,36.04,36.04,1,76.85,-4.25,EUR
2021-07-14 16:41:21.319000,trades,Buy Trade,US5529531015,MGM Resorts,USD,EUR,EURUSD,1.17978,-68.45,80.76,40.38,2,8.4,,
2021-07-28 16:41:55.813000,trades,Sell Trade,US5529531015,MGM Resorts,USD,EUR,EURUSD,1.18178,63.9,75.52,37.76,2,72.3,-4.55,EUR
2021-07-28 16:42:09.767000,trades,Buy Trade,US88688T1007,Tilray,USD,EUR,EURUSD,1.17705,-65.5,77.1,15.42,5,6.8,,
2021-07-28 20:11:06.659000,trades,Sell Trade,CH0334081137,CRISPR Therapeutics,USD,EUR,EURUSD,1.18166,101.25,119.64,119.64,1,108.05,-1.58,EUR
2021-07-28 20:11:13.586000,trades,Sell Trade,US12769G1004,Caesars Entertainment,USD,EUR,EURUSD,1.1814,155.04,183.16,91.58,2,263.09,-8.16,EUR
2021-07-28 20:14:21.036000,trades,Buy Trade,US09075V1026,BioNTech,USD,EUR,EURUSD,1.17765,-258.56,304.49,304.49,1,4.53,,
2021-08-04 18:20:12.304000,trades,Sell Trade,US88688T1007,Tilray,USD,EUR,EURUSD,1.18617,58.89,69.85,13.97,5,63.42,-6.61,EUR
2021-08-04 18:20:26.324000,trades,Buy Trade,US7707001027,Robinhood,USD,EUR,EURUSD,1.18122,-51.32,60.62,60.62,1,12.1,,
2021-08-04 18:22:26.231000,trades,Buy Trade,US88688T1007,Tilray,USD,EUR,EURUSD,1.18118,-11.85,14.0,14.0,1,0.25,,
2021-08-05 16:36:58.259000,trades,Sell Trade,US7707001027,Robinhood,USD,EUR,EURUSD,1.18699,53.92,64.0,64.0,1,54.17,2.6,EUR
2021-08-05 16:39:21.122000,trades,Buy Trade,US88688T1007,Tilray,USD,EUR,EURUSD,1.1824,-48.88,57.8,14.45,4,5.29,,
2021-08-13 19:05:30.924000,trades,Sell Trade,US09075V1026,BioNTech,USD,EUR,EURUSD,1.18231,315.06,372.5,372.5,1,320.35,56.5,EUR
2021-08-13 19:06:18.126000,trades,Sell Trade,US88688T1007,Tilray,USD,EUR,EURUSD,1.1823,11.55,13.65,13.65,1,331.9,-0.6,EUR
2021-08-13 19:07:25.590000,trades,Buy Trade,US60770K1079,Moderna,USD,EUR,EURUSD,1.1775,-333.19,392.33,392.33,1,3.71,,
2021-08-13 19:08:12.401000,trades,Sell Trade,US88688T1007,Tilray,USD,EUR,EURUSD,1.18257,46.1,54.52,13.63,4,49.81,-2.48,EUR
2021-08-13 19:08:25.636000,trades,Buy Trade,US7707001027,Robinhood,USD,EUR,EURUSD,1.17734,-43.43,51.13,51.13,1,6.38,,
2021-08-16 19:53:08.555000,trades,Sell Trade,US88160R1014,Tesla,USD,EUR,EURUSD,1.18006,580.28,684.77,684.77,1,586.66,79.99,EUR
2021-08-16 19:53:24.422000,trades,Buy Trade,US5128071082,Lam Research,USD,EUR,EURUSD,1.17504,-498.83,586.14,586.14,1,87.83,,
2021-08-16 19:53:48.419000,trades,Buy Trade,US8962391004,Trimble,USD,EUR,EURUSD,1.17517,-76.56,89.97,89.97,1,11.27,,
2021-08-16 19:54:44.174000,trades,Buy Trade,US88034P1093,Tencent Music Entertainment,USD,EUR,EURUSD,1.17518,-7.7,9.05,9.05,1,3.57,,
2021-08-18 16:01:52.354000,trades,Sell Trade,US5128071082,Lam Research,USD,EUR,EURUSD,1.17409,497.65,584.29,584.29,1,501.22,-1.18,EUR
2021-08-18 16:01:59.503000,trades,Sell Trade,US8962391004,Trimble,USD,EUR,EURUSD,1.17412,76.04,89.28,89.28,1,577.26,-0.52,EUR
2021-08-18 16:02:21.513000,trades,Sell Trade,US88034P1093,Tencent Music Entertainment,USD,EUR,EURUSD,1.17455,6.54,7.68,7.68,1,583.8,-1.16,EUR
2021-08-18 16:09:04.293000,trades,Buy Trade,US60770K1079,Moderna,USD,EUR,EURUSD,1.16932,-332.43,388.72,388.72,1,256.37,,
2021-08-18 16:09:41.022000,trades,Buy Trade,US5949181045,Microsoft,USD,EUR,EURUSD,1.16909,-251.58,294.12,294.12,1,4.79,,
2021-08-18 17:17:48.310000,trades,Sell Trade,US5949181045,Microsoft,USD,EUR,EURUSD,1.173,250.03,293.28,293.28,1,254.82,-1.55,EUR
2021-08-18 17:18:02.789000,trades,Sell Trade,US7707001027,Robinhood,USD,EUR,EURUSD,1.17315,41.3,48.45,48.45,1,296.12,-2.13,EUR
2021-08-18 17:19:08.294000,trades,Buy Trade,US09075V1026,BioNTech,USD,EUR,EURUSD,1.16825,-305.83,357.29,357.29,1,5.29,,
2021-08-19 17:05:48.193000,trades,Sell Trade,NL0010273215,ASML,EUR,EUR,EUREUR,1.0,2659.6,2659.6,664.9,4,2659.6,449.2,EUR
2021-09-07 17:10:15.425000,trades,Sell Trade,US19260Q1076,Coinbase,USD,EUR,EURUSD,1.18707,443.82,526.84,263.42,2,443.82,4.51,EUR
2021-09-07 17:11:22.747000,trades,Buy Trade,US8962391004,Trimble,USD,EUR,EURUSD,1.18202,-79.79,94.31,94.31,1,364.03,,
2021-09-07 17:11:22.768000,trades,Buy Trade,US8962391004,Trimble,USD,EUR,EURUSD,1.18202,-319.15,377.24,94.31,4,44.88,,
2021-09-07 17:12:12.645000,trades,Buy Trade,US5529531015,MGM Resorts,USD,EUR,EURUSD,1.18196,-35.88,42.41,42.41,1,9.0,,
2021-09-09 16:51:21.905000,trades,Sell Trade,US8962391004,Trimble,USD,EUR,EURUSD,1.18376,398.52,471.75,94.35,5,407.52,-0.42,EUR
2021-09-09 16:51:37.349000,trades,Buy Trade,US67066G1040,NVIDIA,USD,EUR,EURUSD,1.17912,-380.54,448.7,224.35,2,26.98,,
2021-09-09 16:52:15.952000,trades,Buy Trade,US92766K1060,Virgin Galactic - old,USD,EUR,EURUSD,1.17911,-21.75,25.64,25.64,1,5.23,,
2021-09-14 16:24:45.952000,trades,Sell Trade,US5529531015,MGM Resorts,USD,EUR,EURUSD,1.18461,34.99,41.45,41.45,1,40.22,-0.89,EUR
2021-09-14 16:24:54.275000,trades,Sell Trade,US92766K1060,Virgin Galactic - old,USD,EUR,EURUSD,1.18487,21.08,24.98,24.98,1,61.3,-0.67,EUR
2021-09-14 16:26:07.477000,trades,Buy Trade,US8962391004,Trimble,USD,EUR,EURUSD,1.17932,-77.72,91.655,91.655,1,33.58,,
2021-09-20 15:30:27.923000,trades,Sell Trade,US09075V1026,BioNTech,USD,EUR,EURUSD,1.17377,294.44,345.6,345.6,1,328.02,-11.39,EUR
2021-09-20 15:31:11.388000,trades,Sell Trade,US60770K1079,Moderna,USD,EUR,EURUSD,1.17375,713.66,837.66,418.83,2,1041.68,48.04,EUR
2021-09-20 15:31:11.525000,trades,Sell Trade,US67066G1040,NVIDIA,USD,EUR,EURUSD,1.17376,357.01,419.04,209.52,2,1398.69,-23.53,EUR
2021-09-20 15:31:20.246000,trades,Sell Trade,US8962391004,Trimble,USD,EUR,EURUSD,1.17377,75.41,88.51,88.51,1,1474.1,-2.31,EUR
2021-09-20 15:34:14.919000,trades,Buy Trade,US9311421039,Walmart,USD,EUR,EURUSD,1.16888,-1356.65,1585.76,144.16,11,117.45,,
2021-09-20 17:28:32.792000,trades,Buy Trade,US0079031078,AMD,USD,EUR,EURUSD,1.171,-86.75,101.58,101.58,1,30.7,,
2021-09-20 20:15:43.162000,trades,Sell Trade,US0079031078,AMD,USD,EUR,EURUSD,1.17502,85.32,100.25,100.25,1,116.02,-1.43,EUR
2021-09-20 20:20:27.308000,trades,Buy Trade,US0079031078,AMD,USD,EUR,EURUSD,1.17024,-85.65,100.23,100.23,1,30.37,,
2021-09-20 20:42:42.893000,trades,Buy Trade,US69608A1088,Palantir,USD,EUR,EURUSD,1.17042,-22.68,26.54,26.54,1,7.69,,
2021-09-24 18:11:29.838000,trades,Buy Trade,LR0008862868,Royal Caribbean Cruises,USD,EUR,EURUSD,1.16941,-465.11,543.9,90.65,6,42.58,,
2021-09-28 17:14:10.359000,trades,Sell Trade,US0079031078,AMD,USD,EUR,EURUSD,1.16984,87.99,102.94,102.94,1,130.57,2.34,EUR
2021-09-28 17:14:18.533000,trades,Sell Trade,US69608A1088,Palantir,USD,EUR,EURUSD,1.16994,21.84,25.55,25.55,1,152.41,-0.84,EUR
2021-09-28 17:15:15.316000,trades,Sell Trade,LR0008862868,Royal Caribbean Cruises,USD,EUR,EURUSD,1.16945,471.2,551.04,91.84,6,623.61,6.09,EUR
2021-09-28 17:15:31.476000,trades,Buy Trade,US5949181045,Microsoft,USD,EUR,EURUSD,1.16476,-488.6,569.1,284.55,2,135.01,,
2021-09-28 17:16:27.907000,trades,Sell Trade,US9311421039,Walmart,USD,EUR,EURUSD,1.16947,1323.23,1547.48,140.68,11,3458.24,-33.42,EUR
2021-09-28 17:16:54.207000,trades,Buy Trade,NL0010273215,ASML,EUR,EUR,EUREUR,1.0,-3341.5,3341.5,668.3,5,116.74,,
2021-09-28 17:19:34.355000,trades,Buy Trade,US9100471096,United Airlines,USD,EUR,EURUSD,1.16476,-83.62,97.4,48.7,2,32.12,,
2021-09-28 17:27:40.407000,trades,Buy Trade,GB00B03MLX29,Shell - OLD ISIN,EUR,EUR,EUREUR,1.0,-19.17,19.172,19.172,1,12.95,,
2021-09-29 15:46:20.778000,trades,Buy Trade,US38268T1034,GoPro,USD,EUR,EURUSD,1.16107,-8.26,9.585,9.585,1,12.05,,
2021-09-29 16:40:22.158000,trades,Sell Trade,US38268T1034,GoPro,USD,EUR,EURUSD,1.16379,8.22,9.57,9.57,1,20.27,-0.04,EUR
2021-09-29 16:42:05.355000,trades,Buy Trade,US3453708600,Ford Motor,USD,EUR,EURUSD,1.15896,-12.36,14.32,14.32,1,7.91,,
2021-10-11 15:40:53.374000,trades,Sell Trade,US3453708600,Ford Motor,USD,EUR,EURUSD,1.15992,12.98,15.06,15.06,1,20.89,0.62,EUR
2021-10-11 15:41:02.626000,trades,Sell Trade,US9100471096,United Airlines,USD,EUR,EURUSD,1.15981,84.19,97.64,48.82,2,105.08,0.57,EUR
2021-10-11 15:41:20.585000,trades,Sell Trade,US5949181045,Microsoft,USD,EUR,EURUSD,1.16002,507.22,588.38,294.19,2,612.3,18.62,EUR
2021-10-11 15:41:21.750000,trades,Sell Trade,GB00B03MLX29,Shell - OLD ISIN,EUR,EUR,EUREUR,1.0,20.46,20.46,20.46,1,631.76,1.29,EUR
2021-10-11 15:44:58.235000,trades,Buy Trade,US4581401001,Intel,USD,EUR,EURUSD,1.15539,-93.32,107.82,53.91,2,538.44,,
2021-10-11 15:46:56.858000,trades,Buy Trade,US5949181045,Microsoft,USD,EUR,EURUSD,1.15558,-511.34,590.9,295.45,2,27.1,,
2021-10-18 19:31:11.115000,trades,Sell Trade,US4581401001,Intel,USD,EUR,EURUSD,1.16411,46.61,54.26,54.26,1,73.71,-0.05,EUR
2021-10-18 19:31:11.142000,trades,Sell Trade,US4581401001,Intel,USD,EUR,EURUSD,1.16411,46.61,54.26,54.26,1,120.32,-0.05,EUR
2021-10-18 19:32:04.591000,trades,Buy Trade,US0378331005,Apple,USD,EUR,EURUSD,1.15928,-125.96,146.02,146.02,1,4.36,,
2021-11-05 17:20:26.966000,trades,Sell Trade,US0378331005,Apple,USD,EUR,EURUSD,1.15755,130.39,150.93,150.93,1,134.75,4.43,EUR
2021-11-05 17:21:05.453000,trades,Buy Trade,US4581401001,Intel,USD,EUR,EURUSD,1.15292,-88.77,102.34,51.17,2,45.98,,
2021-11-05 17:21:36.180000,trades,Buy Trade,US50077B2079,Kratos Defense & Security Solutions,USD,EUR,EURUSD,1.15295,-38.7,44.62,22.31,2,7.28,,
2021-11-12 19:58:23.606000,trades,Sell Trade,US4581401001,Intel,USD,EUR,EURUSD,1.14704,88.19,101.16,50.58,2,103.27,-0.58,EUR
2021-11-12 19:58:31.138000,trades,Sell Trade,US50077B2079,Kratos Defense & Security Solutions,USD,EUR,EURUSD,1.14698,38.03,43.62,21.81,2,141.3,-0.67,EUR
2021-11-12 20:00:01.209000,trades,Buy Trade,US7710491033,Roblox,USD,EUR,EURUSD,1.14242,-93.23,106.51,106.51,1,48.07,,
2021-11-12 20:25:58.617000,trades,Buy Trade,CA05156X8843,Aurora Cannabis. RSS old,USD,EUR,EURUSD,1.14251,-44.06,50.34,8.39,6,4.01,,
2021-11-17 17:20:09.966000,trades,Sell Trade,NL0010273215,ASML,EUR,EUR,EUREUR,1.0,2295.9,2295.9,765.3,3,2295.91,291.0,EUR
2021-11-17 17:20:38.296000,trades,Sell Trade,US5949181045,Microsoft,USD,EUR,EURUSD,1.13278,300.9,340.85,340.85,1,2595.81,45.23,EUR
2021-11-17 17:21:03.669000,trades,Sell Trade,CA05156X8843,Aurora Cannabis. RSS old,USD,EUR,EURUSD,1.13269,28.36,32.12,8.03,4,2624.17,-1.01,EUR
2021-11-17 17:21:45.706000,trades,Sell Trade,US5949181045,Microsoft,USD,EUR,EURUSD,1.13255,300.92,340.81,340.81,1,301.09,45.25,EUR
2021-11-17 17:22:02.594000,trades,Buy Trade,US7710491033,Roblox,USD,EUR,EURUSD,1.12796,-216.82,244.56,122.28,2,84.27,,
2021-11-24 20:16:59.158000,trades,Sell Trade,CA05156X8843,Aurora Cannabis. RSS old,USD,EUR,EURUSD,1.12174,11.91,13.36,6.68,2,116.18,-2.78,EUR
2021-11-24 20:17:04.467000,trades,Buy Trade,US7710491033,Roblox,USD,EUR,EURUSD,1.11692,-109.74,122.57,122.57,1,6.44,,
2021-12-13 17:38:07.346000,trades,Sell Trade,US7710491033,Roblox,USD,EUR,EURUSD,1.13159,385.69,436.44,109.11,4,393.05,-34.1,EUR
2021-12-13 17:38:17.900000,trades,Buy Trade,US92826C8394,VISA,USD,EUR,EURUSD,1.12711,-373.5,420.98,210.49,2,19.55,,
2021-12-20 15:46:12.993000,trades,Sell Trade,US92826C8394,VISA,USD,EUR,EURUSD,1.13203,368.88,417.58,208.79,2,388.43,-4.62,EUR
2021-12-20 15:46:25.014000,trades,Buy Trade,US7710491033,Roblox,USD,EUR,EURUSD,1.12747,-348.89,393.36,98.34,4,39.54,,
2021-12-28 20:11:10.860000,trades,Sell Trade,US7710491033,Roblox,USD,EUR,EURUSD,1.13232,262.13,296.82,98.94,3,301.67,0.46,EUR
2021-12-28 20:11:29.131000,trades,Buy Trade,US60770K1079,Moderna,USD,EUR,EURUSD,1.12775,-212.19,239.3,239.3,1,89.48,,
2021-12-28 20:12:07.715000,trades,Buy Trade,US7710491033,Roblox,USD,EUR,EURUSD,1.12784,-87.66,98.87,98.87,1,1.82,,
2022-01-10 18:13:37.440000,trades,Buy Trade,US60770K1079,Moderna,USD,EUR,EURUSD,1.13073,-203.75,230.39,230.39,1,8.07,,
2022-01-13 16:00:50.411000,trades,Sell Trade,US60770K1079,Moderna,USD,EUR,EURUSD,1.14959,373.28,429.12,214.56,2,381.35,-42.66,EUR
2022-01-13 16:00:55.019000,trades,Sell Trade,US7710491033,Roblox,USD,EUR,EURUSD,1.14957,151.41,174.06,87.03,2,532.76,-23.47,EUR
2022-01-13 16:01:10.745000,trades,Buy Trade,US19260Q1076,Coinbase,USD,EUR,EURUSD,1.14493,-417.35,477.84,238.92,2,115.41,,
2022-01-13 16:01:45.883000,trades,Buy Trade,US7710491033,Roblox,USD,EUR,EURUSD,1.14466,-75.97,86.96,86.96,1,39.44,,
2022-01-13 16:02:06.512000,trades,Buy Trade,US19260Q1076,Coinbase,USD,EUR,EURUSD,1.14465,-30.0,34.3398396,238.67,0.143878,9.44,,
2022-01-20 16:50:46.766000,trades,Sell Trade,US7710491033,Roblox,USD,EUR,EURUSD,1.13729,70.36,80.02,80.02,1,79.8,-5.61,EUR
2022-01-20 16:50:58.043000,trades,Buy Trade,US19260Q1076,Coinbase,USD,EUR,EURUSD,1.13269,-79.0,89.4831424,230.96,0.387437,0.8,,
2022-01-24 10:33:15.940000,trades,Sell Trade,NL0010273215,ASML,EUR,EUR,EUREUR,1.0,1223.4,1223.4,611.7,2,1224.2,-113.2,EUR
2022-01-24 10:36:42.697000,trades,Buy Trade,4754ff8a-3ddc-4441-93ac-909b39af5a6e,ASML,EUR,EUR,EUREUR,1.0,-1224.0,1224.0,612.0,2,19.2,,
2022-01-24 15:31:25.314000,trades,Sell Trade,US19260Q1076,Coinbase,USD,EUR,EURUSD,1.132,301.5,341.3,170.65,2,319.7,-114.37,EUR
2022-01-24 15:32:58.628000,trades,Buy Trade,4754ff8a-3ddc-4441-93ac-909b39af5a6e,Coinbase,USD,EUR,EURUSD,1.12752,-306.6,345.7,172.85,2,13.1,,
2022-01-25 15:33:16.043000,trades,Sell Trade,NL0010273215,ASML,EUR,EUR,EUREUR,1.0,1155.4,1155.4,577.7,2,1167.5,-68.6,EUR
2022-01-25 15:33:30.351000,trades,Buy Trade,4754ff8a-3ddc-4441-93ac-909b39af5a6e,Lockheed Martin,USD,EUR,EURUSD,1.12415,-1028.94,1156.68,385.56,3,138.56,,
2022-01-25 15:34:55.299000,trades,Buy Trade,4754ff8a-3ddc-4441-93ac-909b39af5a6e,Kratos Defense & Security Solutions,USD,EUR,EURUSD,1.12406,-136.51,153.45,17.05,9,2.05,,
2022-01-28 21:47:54.048000,trades,Sell Trade,US50077B2079,Kratos Defense & Security Solutions,USD,EUR,EURUSD,1.11735,130.25,145.53,16.17,9,132.3,-6.26,EUR
2022-01-28 21:48:13.060000,trades,Buy Trade,US88160R1014,Tesla,USD,EUR,EURUSD,1.11168,-130.0,144.5144298,836.94,0.172674,2.3,,
2022-01-31 16:27:09.848000,trades,Sell Trade,US5398301094,Lockheed Martin,USD,EUR,EURUSD,1.12289,1033.46,1160.46,386.82,3,1035.76,4.52,EUR
2022-01-31 16:27:19.938000,trades,Buy Trade,US88160R1014,Tesla,USD,EUR,EURUSD,1.1171,-811.03,906.0,906.0,1.000000,224.73,,
2022-01-31 16:27:20.151000,trades,Buy Trade,US88160R1014,Tesla,USD,EUR,EURUSD,1.1171,-223.97,250.20096,906.0,0.276157,0.76,,
2022-02-07 16:24:17.857000,trades,Sell Trade,US88160R1014,Tesla,USD,EUR,EURUSD,1.14727,809.32,928.51,928.51,1.000000,810.08,5.22,EUR
2022-02-07 16:24:17.876000,trades,Sell Trade,US88160R1014,Tesla,USD,EUR,EURUSD,1.14727,363.25,416.7431433,928.51,0.448831,1173.33,2.35,EUR
2022-02-07 16:24:29.286000,trades,Buy Trade,NL0010273215,ASML,EUR,EUR,EUREUR,1.0,-1151.4,1151.4,575.7,2,21.93,,
2022-02-07 16:24:43.806000,trades,Buy Trade,US19260Q1076,Coinbase,USD,EUR,EURUSD,1.14149,-20.0,22.8298182,201.57,0.113259,0.93,,
2022-02-15 17:30:21.447000,trades,Buy Trade,US0079031078,AMD,USD,EUR,EURUSD,1.13316,-104.0,117.8487834,117.87,0.999818,16.93,,
2022-05-11 16:14:01.510000,trades,Buy Trade,US19260Q1076,Coinbase,USD,EUR,EURUSD,1.05159,-215.41,226.52,56.63,4.000000,1.52,,
2022-05-11 16:14:01.616000,trades,Buy Trade,US19260Q1076,Coinbase,USD,EUR,EURUSD,1.05159,-1.52,1.6014964,56.63,0.028278,0.0,,
2022-07-25 21:18:13.124000,trades,Buy Trade,US19260Q1076,Coinbase,USD,EUR,EURUSD,1.0188,-65.21,66.44,66.44,1.000000,11.08,,
2022-07-25 21:18:13.315000,trades,Buy Trade,US19260Q1076,Coinbase,USD,EUR,EURUSD,1.0188,-11.08,11.2841696,66.44,0.169841,0.0,,
2022-07-28 21:40:22.183000,trades,Buy Trade,US0378331005,Apple,USD,EUR,EURUSD,1.01483,-154.51,156.8,156.8,1,845.49,,
2022-07-28 21:40:22.207000,trades,Buy Trade,US0378331005,Apple,USD,EUR,EURUSD,1.01483,-154.51,156.8,156.8,1,690.98,,
2022-07-28 21:41:09.501000,trades,Buy Trade,US92826C8394,VISA,USD,EUR,EURUSD,1.01491,-417.16,423.38,211.69,2,273.82,,
2022-07-28 21:41:32.751000,trades,Buy Trade,US67066G1040,NVIDIA,USD,EUR,EURUSD,1.01483,-177.07,179.7,179.7,1.000000,96.75,,
2022-07-28 21:41:32.941000,trades,Buy Trade,US67066G1040,NVIDIA,USD,EUR,EURUSD,1.01483,-96.75,98.180892,179.7,0.546359,0.0,,
2022-08-19 17:11:19.395000,trades,Buy Trade,US67066G1040,NVIDIA,USD,EUR,EURUSD,1.00032,-179.05,179.11,179.11,1.000000,23.64,,
2022-08-19 17:11:19.463000,trades,Buy Trade,US67066G1040,NVIDIA,USD,EUR,EURUSD,1.00032,-23.64,23.6443111,179.11,0.132013,0.0,,
2022-08-24 16:17:12.663000,trades,Buy Trade,US88160R1014,Tesla,USD,EUR,EURUSD,0.98832,-500.0,494.1627648,907.32,0.544636,500.0,,
2022-08-24 16:17:18.466000,trades,Buy Trade,US0378331005,Apple,USD,EUR,EURUSD,0.98845,-337.11,333.22,166.61,2.000000,162.89,,
2022-08-24 16:17:19.142000,trades,Buy Trade,US0378331005,Apple,USD,EUR,EURUSD,0.98845,-162.89,161.0052396,166.61,0.966358,0.0,,
2022-08-25 15:42:06.840000,trades,Buy Trade,US88160R1014,Tesla,USD,EUR,EURUSD,0.99269,-297.04,294.87,294.87,1.000000,202.96,,
2022-08-25 15:42:06.867000,trades,Buy Trade,US88160R1014,Tesla,USD,EUR,EURUSD,0.99269,-202.96,201.4758249,294.87,0.683267,0.0,,
2022-08-25 16:55:24.978000,trades,Sell Trade,US92826C8394,VISA,USD,EUR,EURUSD,1.00201,416.52,417.36,208.68,2,416.52,-0.64,EUR
2022-08-25 16:55:36.673000,trades,Buy Trade,US88160R1014,Tesla,USD,EUR,EURUSD,0.99494,-296.06,294.56,294.56,1.000000,120.46,,
2022-08-25 16:55:36.868000,trades,Buy Trade,US88160R1014,Tesla,USD,EUR,EURUSD,0.99494,-120.46,119.8535184,294.56,0.406886,0.0,,
2022-08-29 15:55:28.439000,trades,Sell Trade,US0378331005,Apple,USD,EUR,EURUSD,1.0053,322.99,324.7,162.35,2.000000,322.99,-2.81,EUR
2022-08-29 15:55:28.526000,trades,Sell Trade,US0378331005,Apple,USD,EUR,EURUSD,1.00527,78.03,78.444273,162.35,0.483179,401.02,-0.68,EUR
2022-09-23 15:36:30.335000,trades,Buy Trade,US0079031078,AMD,USD,EUR,EURUSD,0.9723,-141.19,137.28,68.64,2.000000,560.45,,
2022-09-23 15:36:30.500000,trades,Buy Trade,US0079031078,AMD,USD,EUR,EURUSD,0.9723,-34.22,33.2711808,68.64,0.484719,526.23,,
2022-09-23 15:37:37.516000,trades,Buy Trade,US88160R1014,Tesla,USD,EUR,EURUSD,0.97205,-288.25,280.19,280.19,1.000000,237.98,,
2022-09-23 15:37:37.663000,trades,Buy Trade,US88160R1014,Tesla,USD,EUR,EURUSD,0.97205,-237.98,231.3332697,280.19,0.825625,0.0,,
2022-10-26 17:29:48.842000,trades,Buy Trade,NL0010273215,ASML,EUR,EUR,EUREUR,1.0,-398.58,398.57931,491.8,0.810451,1.5,,
2022-10-26 17:32:52.784000,trades,Buy Trade,US4581401001,Intel,USD,EUR,EURUSD,1.00356,-82.78,83.07,27.69,3.000000,17.22,,
2022-10-26 17:32:52.975000,trades,Buy Trade,US4581401001,Intel,USD,EUR,EURUSD,1.00356,-17.22,17.2860363,27.69,0.624268,0.0,,
2022-11-21 15:34:11.427000,trades,Buy Trade,US88160R1014,Tesla,USD,EUR,EURUSD,1.02142,-170.63,174.29,174.29,1.000000,33.1,,
2022-11-21 15:34:11.603000,trades,Buy Trade,US88160R1014,Tesla,USD,EUR,EURUSD,1.02142,-33.1,33.8035455,174.29,0.193952,0.0,,
2023-02-21 15:20:04.417000,trades,Buy Trade,NL0010273215,ASML,EUR,EUR,EUREUR,1.0,-402.42,402.422574,597.9,0.673055,402.42,,
2023-02-21 15:49:27.931000,trades,Buy Trade,US5949181045,Microsoft,USD,EUR,EURUSD,1.06086,-240.11,254.72,254.72,1.000000,160.81,,
2023-02-21 15:49:27.956000,trades,Buy Trade,US5949181045,Microsoft,USD,EUR,EURUSD,1.06086,-160.81,170.59872,254.72,0.669754,0.0,,
2023-02-21 15:51:10.371000,trades,Buy Trade,US88160R1014,Tesla,USD,EUR,EURUSD,1.06103,-387.77,411.44,205.72,2.000000,112.23,,
2023-02-21 15:51:10.398000,trades,Buy Trade,US88160R1014,Tesla,USD,EUR,EURUSD,1.06103,-112.23,119.0748504,205.72,0.578820,0.0,,
2023-04-24 15:33:50.504000,trades,Buy Trade,NL0010273215,ASML,EUR,EUR,EUREUR,1.0,-259.13,259.130286,578.7,0.447779,1.99,,
2023-05-02 16:09:34.374000,trades,Buy Trade,US62914V1061,NIO,USD,EUR,EURUSD,1.09351,-68.31,74.7,7.47,10,178.7,,
2023-05-02 16:09:45.982000,trades,Buy Trade,US88160R1014,Tesla,USD,EUR,EURUSD,1.09339,-149.06,162.98,162.98,1.000000,28.65,,
2023-05-02 16:09:46.011000,trades,Buy Trade,US88160R1014,Tesla,USD,EUR,EURUSD,1.09339,-27.66,30.2441986,162.98,0.185568,0.0,,
2023-08-31 20:53:50.078000,trades,Buy Trade,US88160R1014,Tesla,USD,EUR,EURUSD,1.08205,-477.65,516.84,258.42,2.000000,26.08,,
2023-08-31 20:53:50.121000,trades,Buy Trade,US88160R1014,Tesla,USD,EUR,EURUSD,1.08205,-25.09,27.1496052,258.42,0.105060,0.0,,
2023-08-31 20:54:42.958000,trades,Buy Trade,US19260Q1076,Coinbase,USD,EUR,EURUSD,1.08204,-146.83,158.88,79.44,2.000000,53.17,,
2023-08-31 20:54:43.011000,trades,Buy Trade,US19260Q1076,Coinbase,USD,EUR,EURUSD,1.08204,-52.18,56.4564192,79.44,0.710684,0.0,,
2023-09-01 16:24:06.744000,trades,Buy Trade,US0378331005,Apple,USD,EUR,EURUSD,1.07945,-175.21,189.13,189.13,1.000000,324.79,,
2023-09-01 16:24:06.745000,trades,Buy Trade,US0378331005,Apple,USD,EUR,EURUSD,1.07945,-74.79,80.7320318,189.13,0.426862,249.01,,
2023-09-01 16:26:31.695000,trades,Buy Trade,US88160R1014,Tesla,USD,EUR,EURUSD,1.07925,-233.49,251.99,251.99,1.000000,15.52,,
2023-09-01 16:26:31.696000,trades,Buy Trade,US88160R1014,Tesla,USD,EUR,EURUSD,1.07925,-14.53,15.6863775,251.99,0.062246,0.0,,
2023-09-01 18:55:22.826000,trades,Buy Trade,US60741F1049,Mobileye,USD,EUR,EURUSD,1.07574,-68.25,73.42,36.71,2,31.75,,
2023-09-14 19:10:38.943000,trades,Sell Trade,US67066G1040,NVIDIA,USD,EUR,EURUSD,1.06733,852.58,909.98,454.99,2.000000,879.71,496.76,EUR
2023-09-14 19:10:38.992000,trades,Sell Trade,US67066G1040,NVIDIA,USD,EUR,EURUSD,1.06733,289.18,308.6515663,454.99,0.678372,1168.89,168.49,EUR
2023-09-14 19:10:52.623000,trades,Sell Trade,US62914V1061,NIO,USD,EUR,EURUSD,1.06737,96.22,102.7,10.27,10,1264.12,27.91,EUR
2023-09-14 19:12:10.075000,trades,Sell Trade,US60741F1049,Mobileye,USD,EUR,EURUSD,1.06737,67.04,71.56,35.78,2,1330.17,-1.21,EUR
2023-09-14 19:38:37.543000,trades,Sell Trade,US0079031078,AMD,USD,EUR,EURUSD,1.0665,301.6,321.66,107.22,3.000000,301.77,61.04,EUR
2023-09-14 19:38:37.594000,trades,Sell Trade,US0079031078,AMD,USD,EUR,EURUSD,1.0665,48.72,51.9523788,107.22,0.484537,349.5,9.87,EUR
2023-09-14 19:39:49.858000,trades,Sell Trade,US0378331005,Apple,USD,EUR,EURUSD,1.0665,494.99,527.91,175.97,3.000000,843.5,-7.19,EUR
2023-09-14 19:39:49.859000,trades,Sell Trade,US0378331005,Apple,USD,EUR,EURUSD,1.0665,150.16,160.1397388,175.97,0.910041,993.66,-2.17,EUR
2023-09-14 19:40:03.621000,trades,Sell Trade,US4581401001,Intel,USD,EUR,EURUSD,1.06651,109.17,116.43,38.81,3.000000,1101.84,26.39,EUR
2023-09-14 19:40:03.666000,trades,Sell Trade,US4581401001,Intel,USD,EUR,EURUSD,1.06651,22.72,24.2279187,38.81,0.624268,1124.56,5.5,EUR
2023-09-14 19:40:19.481000,trades,Sell Trade,US5949181045,Microsoft,USD,EUR,EURUSD,1.06643,318.64,339.81,339.81,1.000000,1442.21,78.53,EUR
2023-09-14 19:40:19.528000,trades,Sell Trade,US5949181045,Microsoft,USD,EUR,EURUSD,1.06643,213.41,227.5877475,339.81,0.669754,1655.62,52.6,EUR
2023-09-28 17:38:12.777000,trades,Buy Trade,US5951121038,Micron,USD,EUR,EURUSD,1.05454,-63.18,66.63,66.63,1.000000,38.39,,
2023-09-28 17:38:12.778000,trades,Buy Trade,US5951121038,Micron,USD,EUR,EURUSD,1.05454,-37.4,39.4356318,66.63,0.591860,0.0,,
2024-02-16 17:38:59.678000,trades,Buy Trade,US0420682058,Arm,USD,EUR,EURUSD,1.07455,-118.41,127.24,127.24,1,26.63,,
2024-04-08 17:01:24.624000,trades,Sell Trade,US5951121038,Micron,USD,EUR,EURUSD,1.08794,115.26,125.4,125.4,1.000000,134.01,52.08,EUR
2024-04-08 17:01:24.658000,trades,Sell Trade,US5951121038,Micron,USD,EUR,EURUSD,1.08794,68.22,74.219244,125.4,0.591860,202.23,30.82,EUR
2024-04-08 17:07:43.143000,trades,Sell Trade,US0420682058,Arm,USD,EUR,EURUSD,1.08837,116.15,126.41,126.41,1,117.39,-2.26,EUR
2024-04-08 17:08:50.911000,trades,Buy Trade,US5951121038,Micron,USD,EUR,EURUSD,1.08292,-115.44,125.01,125.01,1.000000,1.95,,
2024-04-08 17:08:50.912000,trades,Buy Trade,US5951121038,Micron,USD,EUR,EURUSD,1.08292,-0.96,1.0413333,125.01,0.008334,0.0,,
2024-04-08 17:09:16.974000,trades,Sell Trade,US5951121038,Micron,USD,EUR,EURUSD,1.08845,114.88,125.04,125.04,1.000000,114.88,-0.56,EUR
2024-04-08 17:09:16.975000,trades,Sell Trade,US5951121038,Micron,USD,EUR,EURUSD,1.08845,0.96,1.0415832,125.04,0.008334,115.84,0.0,EUR
2024-06-06 16:31:51.595000,trades,Buy Trade,US88160R1014,Tesla,USD,EUR,EURUSD,1.08462,-479.81,520.41,173.47,3.000000,21.04,,
2024-06-06 16:31:51.637000,trades,Buy Trade,US88160R1014,Tesla,USD,EUR,EURUSD,1.08462,-20.05,21.7479339,173.47,0.125371,0.0,,
2024-10-09 21:00:36.619000,trades,Sell Trade,US19260Q1076,Coinbase,USD,EUR,EURUSD,1.0965,759.8,833.125,166.625,5,761.89,319.51,EUR
2024-10-09 21:00:36.661000,trades,Sell Trade,US19260Q1076,Coinbase,USD,EUR,EURUSD,1.0965,42.05,46.10347125,166.625,0.276688,793.98,17.69,EUR
2024-10-11 20:01:07.601000,trades,Sell Trade,US19260Q1076,Coinbase,USD,EUR,EURUSD,1.09702,323.26,354.62,177.31,2,324.24,147.14,EUR
2024-10-11 20:01:07.660000,trades,Sell Trade,US19260Q1076,Coinbase,USD,EUR,EURUSD,1.09702,103.17,113.1840654,177.31,0.638344,426.42,46.96,EUR